Mes,temperature_2m_max,temperature_2m_min,precipitation_sum,winddirection_10m_dominant
2025-03,15.674193548387096,6.029032258064516,154.1,278.96774193548384
