Mes,temperature_2m_max,temperature_2m_min,precipitation_sum,winddirection_10m_dominant
2025-03,23.406451612903226,16.76451612903226,0.0,259.2903225806452
