Mes,temperature_2m_max,temperature_2m_min,precipitation_sum,winddirection_10m_dominant
2025-03,20.438709677419357,10.780645161290321,60.9,143.67741935483872
