Mes,temperature_2m_max,temperature_2m_min,precipitation_sum,winddirection_10m_dominant
2025-03,22.096774193548388,9.670967741935485,66.4,210.5483870967742
