Mes,temperature_2m_max,temperature_2m_min,precipitation_sum,winddirection_10m_dominant
2025-03,16.34516129032258,5.387096774193548,114.4,212.29032258064515
