Mes,temperature_2m_max,temperature_2m_min,precipitation_sum,winddirection_10m_dominant
2025-03,24.006451612903227,14.180645161290323,0.0,277.06451612903226
