Mes,temperature_2m_max,temperature_2m_min,precipitation_sum,winddirection_10m_dominant
2025-03,17.06451612903226,8.85483870967742,149.6,235.38709677419354
