Mes,temperature_2m_max,temperature_2m_min,precipitation_sum,winddirection_10m_dominant
2025-03,22.896774193548385,11.774193548387096,51.1,240.25806451612902
