Mes,temperature_2m_max,temperature_2m_min,precipitation_sum,winddirection_10m_dominant
2025-03,17.896774193548385,8.44516129032258,0.39999999999999997,294.258064516129
