Mes,temperature_2m_max,temperature_2m_min,precipitation_sum,winddirection_10m_dominant
2025-03,28.125806451612902,11.667741935483871,26.5,249.51612903225808
