Mes,temperature_2m_max,temperature_2m_min,precipitation_sum,winddirection_10m_dominant
2025-03,25.509677419354837,10.887096774193548,18.3,251.93548387096774
