Mes,temperature_2m_max,temperature_2m_min,precipitation_sum,winddirection_10m_dominant
2025-03,16.716129032258067,10.509677419354839,198.1,174.58064516129033
