Mes,temperature_2m_max,temperature_2m_min,precipitation_sum,winddirection_10m_dominant
2025-03,27.22258064516129,14.293548387096775,0.2,273.7096774193548
