Mes,temperature_2m_max,temperature_2m_min,precipitation_sum,winddirection_10m_dominant
2025-03,11.616129032258065,5.506451612903225,84.0,269.4193548387097
