Mes,temperature_2m_max,temperature_2m_min,precipitation_sum,winddirection_10m_dominant
2025-03,27.16774193548387,13.67741935483871,13.6,238.29032258064515
