Mes,temperature_2m_max,temperature_2m_min,precipitation_sum,winddirection_10m_dominant
2025-03,27.40967741935484,15.087096774193547,14.299999999999999,245.7741935483871
