Mes,temperature_2m_max,temperature_2m_min,precipitation_sum,winddirection_10m_dominant
2025-03,27.693548387096776,13.793548387096775,15.799999999999999,237.19354838709677
