Mes,temperature_2m_max,temperature_2m_min,precipitation_sum,winddirection_10m_dominant
2025-03,27.641935483870967,13.312903225806451,20.8,229.1290322580645
