Mes,temperature_2m_max,temperature_2m_min,precipitation_sum,winddirection_10m_dominant
2025-03,24.467741935483872,11.129032258064516,12.899999999999999,252.2258064516129
