Mes,temperature_2m_max,temperature_2m_min,precipitation_sum,winddirection_10m_dominant
2025-03,26.693548387096776,14.916129032258064,20.3,245.09677419354838
