Mes,temperature_2m_max,temperature_2m_min,precipitation_sum,winddirection_10m_dominant
2025-03,19.393548387096775,12.696774193548388,54.599999999999994,172.67741935483872
