Mes,temperature_2m_max,temperature_2m_min,precipitation_sum,winddirection_10m_dominant
2025-03,20.135483870967743,10.638709677419355,115.1,231.29032258064515
