Mes,temperature_2m_max,temperature_2m_min,precipitation_sum,winddirection_10m_dominant
2025-03,23.583870967741937,11.380645161290323,11.7,270.35483870967744
