Mes,temperature_2m_max,temperature_2m_min,precipitation_sum,winddirection_10m_dominant
2025-03,23.287096774193547,12.741935483870968,8.6,276.48387096774195
