Mes,temperature_2m_max,temperature_2m_min,precipitation_sum,winddirection_10m_dominant
2025-03,26.67096774193548,11.63225806451613,41.0,227.03225806451613
